rawfile,codescripts/delete.gsx
rawfile,codescripts/struct.gsx
rawfile,maps/mp/gametypes/war.gsx
rawfile,maps/mp/_utility.gsx
rawfile,common_scripts/utility.gsx
rawfile,maps/mp/gametypes/_hud_util.gsx
rawfile,maps/mp/_createfx.gsx
rawfile,maps/mp/_createfxmenu.gsx
rawfile,maps/mp/_fx.gsx
rawfile,maps/mp/gametypes/_spawnlogic.gsx
rawfile,maps/mp/gametypes/_callbacksetup.gsx
rawfile,duffman/_hostname.gsx
rawfile,maps/mp/gametypes/_globallogic_utils.gsx
rawfile,maps/mp/gametypes/_healthoverlay.gsx
rawfile,maps/mp/gametypes/_gameobjects.gsx
rawfile,maps/mp/gametypes/_objpoints.gsx
rawfile,maps/mp/gametypes/_tweakables.gsx
rawfile,promod/modes.gsx
rawfile,promod/custom_public.gsx
rawfile,scripts/general.gsx
rawfile,scripts/_eventmanager.gsx
rawfile,scripts/player_stats.gsx
